,OccupiedSpaces,FreeSpaces,NumDrivers,CarsInside,CarsWaitingAtGate,ParkingOccupancy,AvgParkingOccupancy
0,0,100,1,0,0,0.0,0.0
1,0,100,1,0,0,0.0,0.0
2,0,100,1,0,0,0.0,0.0
3,0,100,1,0,0,0.0,0.0
4,0,100,2,0,0,0.0,0.0
5,0,100,2,0,0,0.0,0.0
6,0,100,2,0,0,0.0,0.0
7,0,100,2,0,0,0.0,0.0
8,0,100,2,0,0,0.0,0.0
9,0,100,2,0,0,0.0,0.0
10,0,100,3,0,0,0.0,0.0
11,0,100,3,0,0,0.0,0.0
12,0,100,3,0,0,0.0,0.0
13,0,100,3,0,0,0.0,0.0
14,0,100,3,0,0,0.0,0.0
15,0,100,3,0,0,0.0,0.0
16,0,100,3,0,0,0.0,0.0
17,0,100,3,0,0,0.0,0.0
18,0,100,3,0,0,0.0,0.0
19,0,100,3,0,0,0.0,0.0
20,0,100,3,0,0,0.0,0.0
21,0,100,3,0,0,0.0,0.0
22,0,100,3,0,0,0.0,0.0
23,0,100,3,0,0,0.0,0.0
24,0,100,3,0,0,0.0,0.0
25,0,100,3,0,0,0.0,0.0
26,0,100,4,0,0,0.0,0.0
27,0,100,4,0,0,0.0,0.0
28,0,100,4,0,0,0.0,0.0
29,0,100,4,0,0,0.0,0.0
30,0,100,4,0,0,0.0,0.0
31,0,100,4,0,0,0.0,0.0
32,0,100,4,0,0,0.0,0.0
33,0,100,5,0,0,0.0,0.0
34,0,100,6,0,0,0.0,0.0
35,0,100,7,1,1,0.0,0.0
36,0,100,7,1,1,0.0,0.0
37,0,100,7,1,0,0.0,0.0
38,0,100,7,1,1,0.0,0.0
39,0,100,7,2,0,0.0,0.0
40,0,100,7,2,0,0.0,0.0
41,0,100,7,2,0,0.0,0.0
42,0,100,7,2,0,0.0,0.0
43,0,100,7,2,0,0.0,0.0
44,0,100,7,2,0,0.0,0.0
45,0,100,7,3,0,0.0,0.0
46,0,100,7,3,0,0.0,0.0
47,0,100,7,3,0,0.0,0.0
48,0,100,7,3,0,0.0,0.0
49,0,100,7,3,0,0.0,0.0
50,0,100,7,3,0,0.0,0.0
51,0,100,7,3,0,0.0,0.0
52,1,99,7,3,0,0.01,0.00018867924528301886
53,1,99,7,3,0,0.01,0.00037037037037037035
54,1,99,7,3,0,0.01,0.0005454545454545455
55,1,99,7,3,0,0.01,0.0007142857142857143
56,1,99,7,3,0,0.01,0.0008771929824561404
57,2,98,7,3,0,0.02,0.001206896551724138
58,2,98,7,3,0,0.02,0.0015254237288135596
59,3,97,7,3,0,0.03,0.002
60,3,97,7,3,0,0.03,0.002459016393442623
61,3,97,7,4,0,0.03,0.002903225806451613
62,3,97,7,4,0,0.03,0.0033333333333333335
63,3,97,8,4,0,0.03,0.0037500000000000003
64,3,97,9,4,0,0.03,0.004153846153846154
65,3,97,10,4,1,0.03,0.004545454545454546
66,3,97,11,4,1,0.03,0.0049253731343283595
67,3,97,12,4,1,0.03,0.005294117647058825
68,3,97,12,5,3,0.03,0.00565217391304348
69,3,97,12,5,2,0.03,0.006000000000000002
70,3,97,13,5,2,0.03,0.006338028169014087
71,3,97,14,6,2,0.03,0.00666666666666667
72,3,97,15,6,3,0.03,0.006986301369863017
73,3,97,16,6,3,0.03,0.007297297297297301
74,3,97,17,7,3,0.03,0.0076000000000000035
75,3,97,17,7,3,0.03,0.007894736842105267
76,4,96,17,7,2,0.04,0.008311688311688317
77,4,96,18,7,3,0.04,0.008717948717948723
78,4,96,18,7,4,0.04,0.009113924050632917
79,4,96,18,7,4,0.04,0.009500000000000005
80,4,96,19,7,1,0.04,0.00987654320987655
81,5,95,19,7,4,0.05,0.010365853658536591
82,5,95,19,7,2,0.05,0.01084337349397591
83,5,95,19,7,2,0.05,0.011309523809523816
84,6,94,19,7,1,0.06,0.01188235294117648
85,6,94,19,7,0,0.06,0.012441860465116288
86,6,94,20,7,1,0.06,0.012988505747126445
87,6,94,20,7,1,0.06,0.013522727272727282
88,6,94,20,7,0,0.06,0.014044943820224729
89,6,94,21,7,0,0.06,0.014555555555555566
90,6,94,22,7,0,0.06,0.015054945054945066
91,6,94,22,7,1,0.06,0.015543478260869577
92,7,93,22,7,1,0.07,0.01612903225806453
93,7,93,23,7,0,0.07,0.01670212765957448
94,7,93,24,7,0,0.07,0.017263157894736855
95,7,93,24,7,0,0.07,0.017812500000000012
96,7,93,25,7,1,0.07,0.01835051546391754
97,7,93,25,7,1,0.07,0.018877551020408178
98,7,93,26,8,0,0.07,0.019393939393939408
99,7,93,27,8,2,0.07,0.019900000000000015
100,7,93,27,8,2,0.07,0.02039603960396041
101,7,93,27,9,1,0.07,0.020882352941176484
102,7,93,27,9,1,0.07,0.021359223300970884
103,7,93,27,10,0,0.07,0.021826923076923084
104,7,93,27,10,1,0.07,0.022285714285714294
105,7,93,27,11,0,0.07,0.02273584905660378
106,7,93,27,11,1,0.07,0.023177570093457948
107,7,93,28,12,1,0.07,0.023611111111111114
108,9,91,29,12,1,0.09,0.024220183486238535
109,10,90,30,13,0,0.1,0.024909090909090912
110,11,89,30,13,1,0.11,0.025675675675675677
111,12,88,31,14,2,0.12,0.026517857142857145
112,12,88,31,14,2,0.12,0.027345132743362834
113,12,88,31,15,1,0.12,0.028157894736842107
114,12,88,32,15,1,0.12,0.02895652173913044
115,12,88,33,16,0,0.12,0.02974137931034483
116,13,87,33,16,2,0.13,0.0305982905982906
117,13,87,33,16,3,0.13,0.0314406779661017
118,14,86,34,17,1,0.14,0.03235294117647059
119,14,86,35,17,0,0.14,0.03325000000000001
120,14,86,36,18,2,0.14,0.034132231404958684
121,14,86,36,18,3,0.14,0.035
122,14,86,36,18,3,0.14,0.03585365853658537
123,15,85,36,19,5,0.15,0.0367741935483871
124,15,85,36,19,5,0.15,0.037680000000000005
125,16,84,37,19,3,0.16,0.03865079365079366
126,16,84,38,20,3,0.16,0.039606299212598436
127,16,84,39,20,5,0.16,0.04054687500000001
128,16,84,40,20,5,0.16,0.04147286821705427
129,17,83,40,21,4,0.17,0.042461538461538474
130,17,83,41,21,4,0.17,0.043435114503816805
131,19,81,41,21,7,0.19,0.044545454545454555
132,19,81,41,22,5,0.19,0.04563909774436092
133,19,81,41,22,4,0.19,0.04671641791044778
134,21,79,41,22,3,0.21,0.04792592592592594
135,21,79,41,23,3,0.21,0.049117647058823544
136,20,80,41,23,4,0.2,0.0502189781021898
137,21,79,41,23,3,0.21,0.05137681159420292
138,21,79,42,24,3,0.21,0.05251798561151081
139,21,79,43,24,5,0.21,0.05364285714285716
140,21,79,43,24,5,0.21,0.05475177304964541
141,21,79,44,25,5,0.21,0.055845070422535226
142,21,79,45,25,6,0.21,0.05692307692307694
143,22,78,45,25,5,0.22,0.058055555555555576
144,22,78,45,26,7,0.22,0.05917241379310347
145,22,78,46,26,6,0.22,0.060273972602739756
146,22,78,46,27,3,0.22,0.06136054421768711
147,22,78,47,27,5,0.22,0.06243243243243247
148,23,77,48,27,6,0.23,0.0635570469798658
149,24,76,49,28,7,0.24,0.06473333333333338
150,24,76,50,28,6,0.24,0.06589403973509939
151,24,76,50,28,9,0.24,0.06703947368421057
152,24,76,50,29,8,0.24,0.06816993464052291
153,24,76,50,29,7,0.24,0.06928571428571433
154,24,76,50,29,8,0.24,0.0703870967741936
155,25,75,50,29,6,0.25,0.07153846153846158
156,25,75,51,29,6,0.25,0.07267515923566883
157,26,74,52,29,4,0.26,0.07386075949367094
158,26,74,53,30,8,0.26,0.07503144654088055
159,26,74,53,30,6,0.26,0.07618750000000005
160,26,74,53,31,4,0.26,0.0773291925465839
161,28,72,53,31,9,0.28,0.07858024691358029
162,28,72,54,31,6,0.28,0.07981595092024543
163,28,72,55,32,9,0.28,0.08103658536585369
164,30,70,55,32,8,0.3,0.08236363636363639
165,30,70,55,32,4,0.3,0.08367469879518076
166,31,69,56,33,4,0.31,0.08502994011976052
167,31,69,57,33,10,0.31,0.08636904761904766
168,31,69,57,33,7,0.31,0.08769230769230774
169,31,69,58,34,10,0.31,0.08900000000000005
170,31,69,58,34,10,0.31,0.09029239766081876
171,31,69,58,35,8,0.31,0.09156976744186052
172,32,68,58,35,7,0.32,0.09289017341040466
173,32,68,58,36,11,0.32,0.09419540229885062
174,32,68,59,36,8,0.32,0.09548571428571433
175,32,68,60,37,6,0.32,0.09676136363636369
176,32,68,60,37,11,0.32,0.09802259887005654
177,32,68,60,37,10,0.32,0.09926966292134837
178,34,66,61,38,8,0.34,0.10061452513966486
179,34,66,62,38,12,0.34,0.10194444444444449
180,34,66,63,38,10,0.34,0.10325966850828734
181,34,66,63,39,13,0.34,0.1045604395604396
182,34,66,63,39,11,0.34,0.10584699453551917
183,35,65,63,40,9,0.35,0.10717391304347831
184,35,65,64,40,10,0.35,0.10848648648648655
185,36,64,65,40,9,0.36,0.1098387096774194
186,36,64,66,41,10,0.36,0.11117647058823535
187,36,64,67,41,12,0.36,0.11250000000000004
188,37,63,67,41,11,0.37,0.11386243386243391
189,37,63,68,42,11,0.37,0.11521052631578953
190,37,63,69,42,11,0.37,0.11654450261780111
191,39,61,69,43,11,0.39,0.11796875000000007
192,39,61,69,43,10,0.39,0.11937823834196898
193,41,59,69,44,14,0.41,0.12087628865979388
194,41,59,69,44,13,0.41,0.12235897435897443
195,41,59,69,44,9,0.41,0.12382653061224497
196,42,58,70,45,9,0.42,0.12532994923857876
197,42,58,71,45,12,0.42,0.1268181818181819
198,42,58,71,46,11,0.42,0.12829145728643226
199,42,58,71,46,9,0.42,0.12975000000000012
200,42,58,71,47,11,0.42,0.13119402985074638
201,43,57,71,47,10,0.43,0.1326732673267328
202,43,57,71,47,12,0.43,0.13413793103448288
203,44,56,71,48,12,0.44,0.1356372549019609
204,44,56,71,48,14,0.44,0.13712195121951232
205,44,56,71,48,12,0.44,0.13859223300970885
206,44,56,72,49,13,0.44,0.14004830917874408
207,44,56,72,49,11,0.44,0.14149038461538474
208,44,56,72,49,11,0.44,0.14291866028708147
209,45,55,72,50,11,0.45,0.14438095238095253
210,45,55,72,50,9,0.45,0.14582938388625605
211,46,54,72,51,9,0.46,0.14731132075471712
212,46,54,72,51,11,0.46,0.14877934272300483
213,46,54,72,52,10,0.46,0.15023364485981322
214,47,53,72,52,9,0.47,0.15172093023255825
215,46,54,72,53,6,0.46,0.15314814814814828
216,46,54,72,53,6,0.46,0.15456221198156694
217,48,52,73,54,4,0.48,0.15605504587155974
218,48,52,74,54,8,0.48,0.15753424657534257
219,49,51,75,55,7,0.49,0.15904545454545466
220,49,51,76,55,7,0.49,0.16054298642533948
221,51,49,76,56,7,0.51,0.1621171171171172
222,51,49,76,56,11,0.51,0.16367713004484313
223,51,49,77,56,6,0.51,0.16522321428571438
224,51,49,77,57,8,0.51,0.16675555555555563
225,52,48,77,57,7,0.52,0.16831858407079656
226,53,47,78,57,4,0.53,0.16991189427312786
227,53,47,79,58,4,0.53,0.17149122807017553
228,53,47,80,58,6,0.53,0.17305676855895208
229,53,47,80,59,7,0.53,0.17460869565217402
230,54,46,80,58,4,0.54,0.1761904761904763
231,54,46,80,58,5,0.54,0.17775862068965528
232,54,46,80,59,3,0.54,0.17931330472103013
233,54,46,80,59,8,0.54,0.18085470085470096
234,54,46,81,59,6,0.54,0.18238297872340434
235,55,45,81,60,6,0.55,0.18394067796610178
236,55,45,82,60,7,0.55,0.1854852320675106
237,54,46,82,61,7,0.54,0.18697478991596644
238,54,46,82,61,3,0.54,0.18845188284518835
239,56,44,82,62,6,0.56,0.19000000000000006
240,56,44,82,62,6,0.56,0.19153526970954365
241,58,42,82,63,6,0.58,0.19314049586776866
242,58,42,83,63,4,0.58,0.1947325102880659
243,58,42,84,63,4,0.58,0.19631147540983612
244,58,42,85,64,4,0.58,0.19787755102040822
245,59,41,85,64,10,0.59,0.1994715447154472
246,59,41,85,64,7,0.59,0.20105263157894743
247,59,41,85,65,4,0.59,0.20262096774193558
248,59,41,85,65,4,0.59,0.20417670682730935
249,60,40,86,66,4,0.6,0.2057600000000001
250,60,40,85,65,8,0.6,0.20733067729083676
251,60,40,85,65,8,0.6,0.208888888888889
252,60,40,86,66,6,0.6,0.21043478260869578
253,59,41,86,66,8,0.59,0.21192913385826784
254,59,41,86,67,5,0.59,0.2134117647058825
255,59,41,86,67,7,0.59,0.21488281250000016
256,60,40,86,67,7,0.6,0.2163813229571986
257,60,40,86,68,5,0.6,0.21786821705426374
258,60,40,86,68,6,0.6,0.21934362934362953
259,61,39,85,68,5,0.61,0.22084615384615403
260,61,39,85,68,7,0.61,0.22233716475095802
261,61,39,85,68,8,0.61,0.22381679389312994
262,62,38,85,69,6,0.62,0.22532319391634997
263,62,38,85,69,8,0.62,0.22681818181818197
264,63,37,85,69,8,0.63,0.2283396226415096
265,65,35,85,70,6,0.65,0.22992481203007534
266,65,35,86,70,9,0.65,0.23149812734082412
267,65,35,86,70,8,0.65,0.23305970149253744
268,65,35,86,71,7,0.65,0.2346096654275094
269,65,35,86,71,8,0.65,0.23614814814814827
270,66,34,86,71,8,0.66,0.23771217712177134
271,66,34,87,72,1,0.66,0.23926470588235305
272,66,34,87,71,8,0.66,0.2408058608058609
273,67,33,87,71,10,0.67,0.24237226277372273
274,67,33,87,72,6,0.67,0.24392727272727283
275,69,31,88,72,7,0.69,0.24554347826086964
276,69,31,88,72,6,0.69,0.2471480144404333
277,69,31,88,73,5,0.69,0.24874100719424466
278,70,30,89,73,8,0.7,0.2503584229390682
279,70,30,89,73,6,0.7,0.2519642857142858
280,70,30,89,74,8,0.7,0.25355871886121006
281,70,30,90,74,5,0.7,0.2551418439716313
282,70,30,90,74,4,0.7,0.25671378091872804
283,70,30,91,75,6,0.7,0.25827464788732407
284,71,29,92,75,3,0.71,0.2598596491228071
285,70,30,93,76,4,0.7,0.2613986013986015
286,70,30,93,76,6,0.7,0.2629268292682928
287,70,30,93,76,8,0.7,0.2644444444444446
288,70,30,93,77,6,0.7,0.26595155709342577
289,70,30,94,77,2,0.7,0.2674482758620691
290,71,29,94,77,3,0.71,0.2689690721649486
291,71,29,94,78,2,0.71,0.2704794520547946
292,71,29,95,78,2,0.71,0.27197952218430044
293,73,27,95,79,3,0.73,0.2735374149659865
294,73,27,95,79,3,0.73,0.27508474576271197
295,73,27,95,80,3,0.73,0.27662162162162174
296,73,27,96,80,1,0.73,0.2781481481481483
297,72,28,96,81,0,0.72,0.2796308724832216
298,72,28,96,81,2,0.72,0.281103678929766
299,72,28,97,81,2,0.72,0.2825666666666668
300,74,26,97,82,0,0.74,0.28408637873754167
301,74,26,97,82,3,0.74,0.2855960264900663
302,75,25,96,81,3,0.75,0.2871287128712872
303,75,25,96,82,2,0.75,0.2886513157894738
304,75,25,96,82,2,0.75,0.2901639344262296
305,76,24,97,83,1,0.76,0.2916993464052289
306,76,24,97,83,2,0.76,0.29322475570032586
307,77,23,98,84,2,0.77,0.2947727272727274
308,77,23,98,84,2,0.77,0.2963106796116506
309,78,22,99,84,0,0.78,0.2978709677419356
310,80,20,98,84,1,0.8,0.2994855305466239
311,80,20,98,84,1,0.8,0.30108974358974366
312,80,20,98,85,1,0.8,0.3026837060702876
313,80,20,98,85,2,0.8,0.30426751592356693
314,80,20,98,86,2,0.8,0.3058412698412699
315,80,20,98,86,2,0.8,0.3074050632911393
316,81,19,99,86,2,0.81,0.3089905362776026
317,81,19,100,87,2,0.81,0.3105660377358491
318,81,19,101,87,3,0.81,0.3121316614420063
319,82,18,102,87,3,0.82,0.31371875000000005
320,82,18,102,88,4,0.82,0.3152959501557633
321,83,17,102,88,3,0.83,0.3168944099378882
322,83,17,102,88,3,0.83,0.3184829721362229
323,84,16,102,89,4,0.84,0.3200925925925926
324,84,16,103,89,4,0.84,0.3216923076923077
325,84,16,104,89,2,0.84,0.3232822085889571
326,84,16,104,90,3,0.84,0.32486238532110095
327,84,16,104,90,4,0.84,0.32643292682926833
328,84,16,104,91,2,0.84,0.32799392097264446
329,86,14,104,91,2,0.86,0.3296060606060607
330,86,14,104,91,1,0.86,0.3312084592145016
331,86,14,104,92,1,0.86,0.33280120481927716
332,87,13,104,92,1,0.87,0.3344144144144145
333,87,13,104,93,0,0.87,0.3360179640718564
334,87,13,104,93,1,0.87,0.33761194029850755
335,87,13,105,93,0,0.87,0.3391964285714287
336,87,13,104,93,1,0.87,0.34077151335311584
337,86,14,104,93,0,0.86,0.3423076923076924
338,86,14,104,94,0,0.86,0.3438348082595872
339,86,14,104,94,0,0.86,0.3453529411764707
340,86,14,104,95,0,0.86,0.34686217008797665
341,87,13,104,95,0,0.87,0.3483918128654972
342,89,11,104,96,0,0.89,0.34997084548104973
343,89,11,104,96,1,0.89,0.35154069767441876
344,89,11,105,96,0,0.89,0.35310144927536247
345,89,11,105,97,0,0.89,0.35465317919075157
346,89,11,105,97,0,0.89,0.3561959654178676
347,89,11,105,97,0,0.89,0.3577298850574714
348,89,11,106,97,0,0.89,0.3592550143266477
349,90,10,107,97,0,0.9,0.3608000000000002
350,90,10,106,96,0,0.9,0.36233618233618253
351,90,10,106,97,0,0.9,0.36386363636363656
352,91,9,106,97,2,0.91,0.36541076487252144
353,91,9,106,97,1,0.91,0.36694915254237304
354,92,8,106,98,0,0.92,0.36850704225352127
355,92,8,106,98,2,0.92,0.370056179775281
356,93,7,107,98,2,0.93,0.3716246498599441
357,93,7,107,99,1,0.93,0.3731843575418996
358,94,6,107,99,2,0.94,0.3747632311977717
359,95,5,107,99,1,0.95,0.3763611111111112
360,95,5,107,99,1,0.95,0.3779501385041552
361,94,6,107,99,2,0.94,0.3795027624309393
362,94,6,108,99,2,0.94,0.3810468319559229
363,94,6,109,99,2,0.94,0.3825824175824176
364,94,6,108,98,3,0.94,0.38410958904109593
365,94,6,109,98,2,0.94,0.3856284153005465
366,94,6,110,98,3,0.94,0.38713896457765673
367,95,5,110,98,4,0.95,0.3886684782608696
368,94,6,111,98,4,0.94,0.39016260162601624
369,94,6,111,99,4,0.94,0.3916486486486486
370,94,6,112,99,2,0.94,0.3931266846361186
371,95,5,112,99,2,0.95,0.39462365591397847
372,95,5,112,99,2,0.95,0.39611260053619296
373,96,4,112,99,3,0.96,0.39762032085561494
374,96,4,112,99,2,0.96,0.39912
375,96,4,113,99,2,0.96,0.40061170212765956
376,94,6,113,100,3,0.94,0.4020424403183024
377,94,6,112,99,2,0.94,0.4034656084656084
378,93,7,113,100,0,0.93,0.4048548812664908
379,93,7,114,100,2,0.93,0.4062368421052632
380,92,8,113,99,2,0.92,0.4075853018372703
381,92,8,113,100,2,0.92,0.40892670157068056
382,92,8,113,100,1,0.92,0.41026109660574406
383,92,8,113,101,1,0.92,0.41158854166666653
384,91,9,114,101,0,0.91,0.41288311688311674
385,91,9,114,102,0,0.91,0.4141709844559584
386,93,7,115,102,1,0.93,0.41550387596899213
387,93,7,116,102,0,0.93,0.4168298969072164
388,95,5,117,102,1,0.95,0.41820051413881737
389,95,5,116,101,1,0.95,0.4195641025641024
390,94,6,116,101,1,0.94,0.4208951406649615
391,92,8,116,101,2,0.92,0.4221683673469386
392,92,8,116,102,1,0.92,0.42343511450381655
393,94,6,116,102,1,0.94,0.42474619289340076
394,94,6,115,101,0,0.94,0.42605063291139217
395,94,6,115,101,0,0.94,0.4273484848484846
396,94,6,114,100,1,0.94,0.42863979848866474
397,94,6,114,100,2,0.94,0.42992462311557766
398,94,6,114,100,3,0.94,0.43120300751879675
399,94,6,114,99,4,0.94,0.4324749999999997
400,94,6,114,99,5,0.94,0.43374064837905213
401,94,6,113,98,6,0.94,0.4349999999999997
402,94,6,113,98,6,0.94,0.4362531017369724
403,93,7,113,98,7,0.93,0.4374752475247522
404,93,7,112,98,7,0.93,0.4386913580246911
405,93,7,113,98,8,0.93,0.4399014778325121
406,93,7,112,97,8,0.93,0.4411056511056509
407,92,8,112,97,7,0.92,0.44227941176470564
408,92,8,111,97,7,0.92,0.44344743276283594
409,92,8,111,97,7,0.92,0.4446097560975607
410,93,7,111,97,7,0.93,0.44579075425790726
411,93,7,111,98,8,0.93,0.4469660194174755
412,93,7,111,98,9,0.93,0.44813559322033875
413,94,6,111,98,6,0.94,0.4493236714975843
414,94,6,111,98,5,0.94,0.4505060240963853
415,94,6,111,97,7,0.94,0.45168269230769204
416,94,6,112,97,6,0.94,0.4528537170263786
417,94,6,112,97,6,0.94,0.4540191387559806
418,94,6,112,97,9,0.94,0.4551789976133649
419,93,7,111,96,9,0.93,0.45630952380952355
420,93,7,111,97,10,0.93,0.4574346793349166
421,92,8,110,96,10,0.92,0.4585308056872035
422,92,8,110,96,9,0.92,0.45962174940898315
423,91,9,110,97,9,0.91,0.46068396226415065
424,91,9,110,97,8,0.91,0.46174117647058793
425,91,9,110,97,7,0.91,0.46279342723004663
426,91,9,110,97,7,0.91,0.4638407494145196
427,91,9,110,97,7,0.91,0.4648831775700931
428,91,9,110,97,7,0.91,0.46592074592074556
429,91,9,110,98,7,0.91,0.46695348837209266
430,91,9,110,98,6,0.91,0.46798143851508084
431,91,9,110,98,5,0.91,0.46900462962962924
432,90,10,109,97,7,0.9,0.46999999999999964
433,90,10,110,98,8,0.9,0.4709907834101379
434,91,9,110,98,6,0.91,0.47199999999999964
435,89,11,111,99,5,0.89,0.4729587155963299
436,88,12,111,98,6,0.88,0.47389016018306596
437,89,11,111,98,4,0.89,0.4748401826484014
438,89,11,111,98,2,0.89,0.4757858769931658
439,89,11,111,98,5,0.89,0.4767272727272723
440,90,10,111,98,5,0.9,0.4776870748299315
441,90,10,111,98,3,0.9,0.4786425339366511
442,90,10,111,98,6,0.9,0.47959367945823883
443,90,10,111,98,4,0.9,0.48054054054054013
444,90,10,110,97,3,0.9,0.4814831460674153
445,90,10,111,97,4,0.9,0.4824215246636767
446,89,11,110,97,6,0.89,0.4833333333333329
447,89,11,110,97,4,0.89,0.484241071428571
448,90,10,109,97,5,0.9,0.48516703786191495
449,91,9,108,96,1,0.91,0.48611111111111066
450,91,9,107,95,3,0.91,0.48705099778270466
451,91,9,108,95,3,0.91,0.48798672566371637
452,91,9,108,95,4,0.91,0.4889183222958053
453,88,12,108,95,5,0.88,0.4897797356828189
454,86,14,108,96,5,0.86,0.49059340659340617
455,86,14,109,96,4,0.86,0.4914035087719294
456,86,14,109,97,3,0.86,0.49221006564551384
457,85,15,109,97,1,0.85,0.49299126637554547
458,86,14,108,97,0,0.86,0.49379084967320225
459,86,14,108,97,2,0.86,0.4945869565217388
460,86,14,109,97,1,0.86,0.49537960954446825
461,85,15,109,98,1,0.85,0.49614718614718584
462,85,15,109,98,1,0.85,0.49691144708423296
463,85,15,108,98,0,0.85,0.4976724137931031
464,86,14,108,98,1,0.86,0.4984516129032255
465,87,13,108,98,0,0.87,0.49924892703862633
466,88,12,108,99,0,0.88,0.5000642398286935
467,88,12,107,98,1,0.88,0.500876068376068
468,88,12,107,98,1,0.88,0.5016844349680167
469,88,12,106,98,1,0.88,0.5024893617021273
470,89,11,106,98,1,0.89,0.5033121019108276
471,89,11,106,97,0,0.89,0.504131355932203
472,89,11,106,98,2,0.89,0.504947145877378
473,90,10,106,97,1,0.9,0.5057805907172992
474,90,10,106,98,1,0.9,0.5066105263157891
475,90,10,105,97,0,0.9,0.5074369747899156
476,91,9,105,98,1,0.91,0.5082809224318654
477,91,9,104,97,1,0.91,0.5091213389121335
478,92,8,104,97,1,0.92,0.5099791231732772
479,93,7,103,97,0,0.93,0.5108541666666663
480,93,7,103,97,1,0.93,0.5117255717255713
481,93,7,103,97,0,0.93,0.5125933609958503
482,93,7,103,97,0,0.93,0.5134575569358174
483,92,8,104,98,0,0.92,0.5142975206611566
484,92,8,104,98,0,0.92,0.5151340206185563
485,92,8,105,98,0,0.92,0.5159670781893
486,92,8,106,99,0,0.92,0.516796714579055
487,91,9,106,99,0,0.91,0.517602459016393
488,91,9,106,99,0,0.91,0.5184049079754597
489,91,9,106,99,0,0.91,0.5192040816326526
490,91,9,107,100,1,0.91,0.5199999999999996
491,92,8,107,100,0,0.92,0.5208130081300809
492,93,7,107,100,0,0.93,0.5216430020283971
493,93,7,107,100,0,0.93,0.5224696356275299
494,93,7,106,99,0,0.93,0.5232929292929289
495,93,7,107,100,0,0.93,0.5241129032258061
496,93,7,107,100,0,0.93,0.5249295774647884
497,95,5,106,99,0,0.95,0.5257831325301201
498,95,5,105,98,0,0.95,0.5266332665330657
499,95,5,106,98,0,0.95,0.5274799999999996
500,95,5,106,98,0,0.95,0.5283233532934127
501,95,5,107,98,0,0.95,0.5291633466135454
502,95,5,107,98,0,0.95,0.5299999999999995
503,94,6,106,97,0,0.94,0.5308134920634916
504,95,5,106,97,0,0.95,0.5316435643564351
505,95,5,106,97,0,0.95,0.5324703557312247
506,95,5,106,98,0,0.95,0.5332938856015773
507,95,5,106,98,1,0.95,0.5341141732283459
508,95,5,106,98,0,0.95,0.534931237721021
509,93,7,106,99,0,0.93,0.5357058823529406
510,93,7,106,99,0,0.93,0.5364774951076315
511,93,7,106,99,0,0.93,0.5372460937499994
512,93,7,105,98,0,0.93,0.5380116959064322
513,93,7,106,98,0,0.93,0.5387743190661474
514,92,8,105,97,0,0.92,0.5395145631067956
515,92,8,105,97,0,0.92,0.5402519379844957
516,92,8,105,97,0,0.92,0.540986460348162
517,92,8,105,97,0,0.92,0.5417181467181463
518,91,9,105,98,0,0.91,0.5424277456647395
519,91,9,105,98,0,0.91,0.543134615384615
520,92,8,105,99,0,0.92,0.5438579654510554
521,91,9,105,99,0,0.91,0.5445593869731798
522,92,8,104,99,0,0.92,0.5452772466539195
523,92,8,104,99,0,0.92,0.5459923664122136
524,92,8,104,99,0,0.92,0.5467047619047618
525,92,8,103,99,0,0.92,0.5474144486692014
526,92,8,103,99,0,0.92,0.5481214421252371
527,93,7,102,98,0,0.93,0.548844696969697
528,93,7,102,98,0,0.93,0.5495652173913043
529,93,7,101,97,0,0.93,0.5502830188679245
530,94,6,102,98,0,0.94,0.5510169491525423
531,95,5,101,97,0,0.95,0.551766917293233
532,94,6,101,97,0,0.94,0.5524953095684803
533,95,5,101,97,0,0.95,0.5532397003745317
534,95,5,101,98,0,0.95,0.5539813084112148
535,95,5,101,98,0,0.95,0.5547201492537313
536,95,5,102,99,0,0.95,0.5554562383612661
537,94,6,103,99,0,0.94,0.556171003717472
538,92,8,103,99,1,0.92,0.5568460111317253
539,91,9,103,99,0,0.91,0.5574999999999999
540,91,9,104,99,0,0.91,0.5581515711645101
541,92,8,104,99,0,0.92,0.5588191881918819
542,92,8,103,98,0,0.92,0.5594843462246777
543,92,8,103,98,0,0.92,0.5601470588235294
544,92,8,104,98,0,0.92,0.5608073394495413
545,91,9,104,98,0,0.91,0.5614468864468866
546,92,8,103,97,0,0.92,0.5621023765996345
547,91,9,104,97,0,0.91,0.5627372262773724
548,91,9,104,98,0,0.91,0.563369763205829
549,92,8,104,98,0,0.92,0.5640181818181821
550,92,8,104,98,0,0.92,0.5646642468239568
551,92,8,104,98,0,0.92,0.565307971014493
552,92,8,103,97,0,0.92,0.565949367088608
553,92,8,104,97,0,0.92,0.56658844765343
554,92,8,104,96,0,0.92,0.5672252252252257
555,91,9,104,96,1,0.91,0.5678417266187055
556,91,9,103,95,0,0.91,0.5684560143626576
557,91,9,104,95,0,0.91,0.5690681003584235
558,91,9,104,94,0,0.91,0.5696779964221831
559,90,10,104,94,1,0.9,0.5702678571428577
560,89,11,104,94,0,0.89,0.5708377896613196
561,89,11,104,93,0,0.89,0.5714056939501785
562,89,11,104,93,0,0.89,0.571971580817052
563,89,11,104,93,0,0.89,0.5725354609929082
564,89,11,105,93,0,0.89,0.5730973451327438
565,88,12,105,94,0,0.88,0.5736395759717319
566,88,12,104,93,0,0.88,0.5741798941798946
567,88,12,104,93,0,0.88,0.5747183098591553
568,87,13,103,92,0,0.87,0.5752372583479793
569,87,13,103,92,0,0.87,0.5757543859649127
570,86,14,102,91,0,0.86,0.5762521891418568
571,85,15,102,92,0,0.85,0.5767307692307697
572,85,15,102,92,1,0.85,0.5772076788830721
573,85,15,102,92,0,0.85,0.5776829268292688
574,85,15,103,93,1,0.85,0.578156521739131
575,86,14,102,92,1,0.86,0.578645833333334
576,86,14,102,92,0,0.86,0.5791334488734842
577,86,14,102,93,0,0.86,0.5796193771626305
578,85,15,102,93,1,0.85,0.5800863557858383
579,85,15,101,92,0,0.85,0.5805517241379318
580,85,15,101,93,0,0.85,0.5810154905335636
581,85,15,100,92,0,0.85,0.5814776632302413
582,85,15,100,93,0,0.85,0.5819382504288173
583,85,15,99,92,0,0.85,0.5823972602739735
584,85,15,99,92,0,0.85,0.5828547008547018
585,86,14,98,91,0,0.86,0.5833276450511955
586,85,15,98,91,0,0.85,0.5837819420783655
587,85,15,98,91,0,0.85,0.584234693877552
588,85,15,98,92,0,0.85,0.5846859083191861
589,86,14,97,91,0,0.86,0.5851525423728824
590,86,14,97,92,0,0.86,0.5856175972927253
591,86,14,96,91,0,0.86,0.5860810810810821
592,86,14,96,92,0,0.86,0.5865430016863418
593,86,14,95,91,0,0.86,0.5870033670033682
594,86,14,95,92,0,0.86,0.5874621848739507
595,85,15,94,91,1,0.85,0.5879026845637596
596,84,16,94,91,0,0.84,0.5883249581239542
597,84,16,94,92,0,0.84,0.5887458193979944
598,84,16,94,92,0,0.84,0.5891652754590996
599,85,15,94,93,0,0.85,0.5896000000000011
600,85,15,94,93,0,0.85,0.5900332778702174
601,84,16,94,93,0,0.84,0.5904485049833899
602,84,16,94,93,0,0.84,0.5908623548922067
603,85,15,94,93,0,0.85,0.5912913907284779
604,84,16,93,92,0,0.84,0.591702479338844
605,85,15,93,92,0,0.85,0.5921287128712882
606,85,15,92,91,0,0.85,0.5925535420098859
607,85,15,92,91,0,0.85,0.5929769736842117
608,86,14,91,90,0,0.86,0.5934154351395743
609,86,14,90,90,0,0.86,0.5938524590163946
610,86,14,90,90,0,0.86,0.59428805237316
611,86,14,91,90,0,0.86,0.5947222222222235
612,86,14,91,90,0,0.86,0.5951549755301807
613,85,15,90,89,0,0.85,0.5955700325732912
614,85,15,90,89,0,0.85,0.5959837398373997
615,85,15,89,88,0,0.85,0.5963961038961053
616,83,17,89,88,0,0.83,0.5967747163695313
617,82,18,88,87,0,0.82,0.5971359223300984
618,81,19,88,87,0,0.81,0.5974798061389351
619,81,19,88,87,0,0.81,0.5978225806451626
620,82,18,88,87,0,0.82,0.5981803542673121
621,82,18,88,87,0,0.82,0.5985369774919628
622,82,18,88,87,0,0.82,0.5988924558587493
623,82,18,88,87,0,0.82,0.5992467948717961
624,82,18,87,86,0,0.82,0.5996000000000012
625,81,19,87,86,0,0.81,0.599936102236423
626,81,19,86,85,0,0.81,0.6002711323763968
627,80,20,86,85,0,0.8,0.6005891719745236
628,80,20,86,85,0,0.8,0.6009062003179664
629,79,21,86,85,0,0.79,0.6012063492063505
630,79,21,85,84,0,0.79,0.60150554675119
631,79,21,85,84,0,0.79,0.6018037974683559
632,79,21,84,83,0,0.79,0.6021011058451831
633,79,21,84,82,0,0.79,0.6023974763406955
634,78,22,84,82,0,0.78,0.6026771653543321
635,78,22,83,81,0,0.78,0.6029559748427686
636,78,22,83,81,0,0.78,0.603233908948196
637,78,22,82,80,0,0.78,0.6035109717868351
638,78,22,82,80,0,0.78,0.6037871674491405
639,78,22,81,79,0,0.78,0.6040625000000012
640,78,22,82,79,0,0.78,0.6043369734789403
641,75,25,82,79,0,0.75,0.6045638629283501
642,75,25,82,79,0,0.75,0.6047900466562998
643,75,25,82,79,0,0.75,0.6050155279503117
644,75,25,82,79,0,0.75,0.6052403100775205
645,74,26,81,78,0,0.74,0.6054489164086699
646,73,27,81,79,0,0.73,0.605641421947451
647,73,27,81,79,0,0.73,0.6058333333333346
648,72,28,81,79,0,0.72,0.6060092449922971
649,72,28,81,79,0,0.72,0.6061846153846167
650,72,28,81,79,0,0.72,0.6063594470046096
651,71,29,81,79,0,0.71,0.6065184049079767
652,71,29,81,79,0,0.71,0.6066768759571223
653,70,30,80,78,0,0.7,0.6068195718654447
654,70,30,80,78,0,0.7,0.6069618320610699
655,69,31,79,77,0,0.69,0.6070884146341475
656,70,30,79,77,0,0.7,0.6072298325722996
657,69,31,79,76,0,0.69,0.6073556231003051
658,69,31,79,76,0,0.69,0.6074810318664655
659,69,31,78,75,0,0.69,0.6076060606060618
660,68,32,79,75,0,0.68,0.6077155824508332
661,68,32,78,74,0,0.68,0.6078247734138985
662,68,32,78,74,0,0.68,0.6079336349924597
663,68,32,77,73,0,0.68,0.6080421686747
664,68,32,77,73,0,0.68,0.6081503759398509
665,68,32,76,72,0,0.68,0.6082582582582595
666,68,32,76,72,0,0.68,0.6083658170914555
667,67,33,75,71,0,0.67,0.6084580838323366
668,67,33,75,72,0,0.67,0.6085500747384168
669,67,33,75,71,0,0.67,0.6086417910447774
670,67,33,75,71,0,0.67,0.6087332339791369
671,66,34,75,71,0,0.66,0.6088095238095251
672,65,35,76,71,0,0.65,0.6088707280832109
673,65,35,75,70,0,0.65,0.608931750741841
674,65,35,75,70,0,0.65,0.6089925925925939
675,66,34,74,70,0,0.66,0.6090680473372794
676,66,34,75,70,0,0.66,0.6091432791728226
677,66,34,75,70,0,0.66,0.6092182890855471
678,65,35,76,70,0,0.65,0.6092783505154652
679,65,35,76,70,0,0.65,0.6093382352941189
680,64,36,76,70,0,0.64,0.6093832599118956
681,64,36,76,70,0,0.64,0.6094281524926699
682,63,37,77,70,0,0.63,0.6094582723279661
683,63,37,77,70,0,0.63,0.6094883040935685
684,62,38,76,69,0,0.62,0.6095036496350378
685,62,38,76,69,0,0.62,0.6095189504373191
686,62,38,75,68,0,0.62,0.60953420669578
687,62,38,75,68,0,0.62,0.6095494186046524
688,62,38,74,67,0,0.62,0.6095645863570405
689,62,38,74,67,0,0.62,0.6095797101449288
690,62,38,74,67,0,0.62,0.6095947901591908
691,61,39,73,66,0,0.61,0.6095953757225446
692,61,39,73,67,0,0.61,0.6095959595959609
693,60,40,72,66,0,0.6,0.6095821325648428
694,60,40,72,66,0,0.6,0.6095683453237424
695,60,40,72,67,0,0.6,0.6095545977011508
696,59,41,71,66,0,0.59,0.6095265423242481
697,58,42,71,66,0,0.58,0.6094842406876804
698,57,43,70,65,0,0.57,0.609427753934193
699,57,43,71,65,0,0.57,0.6093714285714299
700,56,44,71,65,0,0.56,0.6093009985734678
701,56,44,70,64,0,0.56,0.6092307692307706
702,57,43,70,64,0,0.57,0.6091749644381236
703,57,43,69,63,0,0.57,0.6091193181818194
704,58,42,70,64,0,0.58,0.6090780141843984
705,58,42,69,63,0,0.58,0.6090368271954687
706,58,42,69,63,0,0.58,0.6089957567185302
707,58,42,69,63,0,0.58,0.6089548022598882
708,58,42,70,63,0,0.58,0.608913963328633
709,58,42,69,62,0,0.58,0.6088732394366209
710,58,42,69,62,1,0.58,0.608832630098454
711,58,42,68,62,0,0.58,0.6087921348314618
712,60,40,68,62,0,0.6,0.6087798036465649
713,59,41,68,63,0,0.59,0.6087535014005613
714,59,41,68,63,0,0.59,0.6087272727272738
715,59,41,68,63,0,0.59,0.6087011173184368
716,59,41,67,62,0,0.59,0.6086750348675044
717,59,41,67,63,0,0.59,0.6086490250696388
718,59,41,67,63,0,0.59,0.6086230876216977
719,59,41,67,63,0,0.59,0.6085972222222231
720,59,41,67,63,0,0.59,0.6085714285714294
721,58,42,67,63,0,0.58,0.6085318559556795
722,60,40,67,63,0,0.6,0.6085200553250354
723,60,40,67,63,0,0.6,0.6085082872928186
724,60,40,67,63,0,0.6,0.6084965517241389
725,60,40,67,63,0,0.6,0.6084848484848494
726,60,40,66,62,0,0.6,0.6084731774415415
727,60,40,66,62,0,0.6,0.6084615384615395
728,60,40,67,62,0,0.6,0.6084499314128954
729,60,40,67,62,0,0.6,0.6084383561643846
730,61,39,66,61,0,0.61,0.6084404924760612
731,61,39,66,61,0,0.61,0.6084426229508207
732,60,40,66,61,0,0.6,0.6084311050477501
733,59,41,67,61,0,0.59,0.6084059945504098
734,59,41,67,62,0,0.59,0.6083809523809535
735,59,41,67,62,0,0.59,0.6083559782608706
736,58,42,67,62,0,0.58,0.6083175033921312
737,58,42,67,62,0,0.58,0.6082791327913288
738,57,43,67,62,0,0.57,0.6082273342354543
739,56,44,67,63,0,0.56,0.6081621621621631
740,56,44,67,63,0,0.56,0.6080971659919038
741,56,44,68,63,0,0.56,0.608032345013478
742,55,45,68,64,0,0.55,0.6079542395693146
743,55,45,68,64,0,0.55,0.6078763440860225
744,55,45,68,65,0,0.55,0.6077986577181218
745,54,46,68,65,0,0.54,0.6077077747989287
746,53,47,68,65,0,0.53,0.6076037483266409
747,53,47,67,64,0,0.53,0.6075000000000009
748,53,47,67,64,0,0.53,0.6073965287049409
749,54,46,66,63,0,0.54,0.6073066666666675
750,53,47,65,62,0,0.53,0.6072037283621846
751,55,45,66,62,0,0.55,0.607127659574469
752,55,45,66,62,0,0.55,0.6070517928286862
753,55,45,66,62,0,0.55,0.6069761273209558
754,55,45,66,62,0,0.55,0.6069006622516566
755,53,47,65,61,0,0.53,0.6067989417989427
756,53,47,65,61,0,0.53,0.6066974900924712
757,52,48,64,60,0,0.52,0.6065831134564652
758,52,48,64,60,0,0.52,0.6064690382081694
759,52,48,64,59,0,0.52,0.6063552631578956
760,52,48,63,58,0,0.52,0.6062417871222084
761,53,47,63,58,0,0.53,0.6061417322834654
762,53,47,62,57,0,0.53,0.6060419397116652
763,53,47,62,58,0,0.53,0.605942408376964
764,53,47,61,57,0,0.53,0.6058431372549026
765,53,47,61,57,0,0.53,0.6057441253263713
766,53,47,60,56,0,0.53,0.6056453715775755
767,53,47,60,56,0,0.53,0.6055468750000005
768,53,47,60,57,0,0.53,0.6054486345903776
769,53,47,60,57,0,0.53,0.6053506493506497
770,53,47,59,56,0,0.53,0.6052529182879381
771,54,46,59,56,0,0.54,0.6051683937823839
772,52,48,59,56,0,0.52,0.6050582147477365
773,50,50,59,56,0,0.5,0.6049224806201554
774,50,50,58,55,0,0.5,0.604787096774194
775,50,50,58,55,0,0.5,0.6046520618556706
776,50,50,58,56,0,0.5,0.604517374517375
777,50,50,58,56,0,0.5,0.6043830334190236
778,50,50,58,56,0,0.5,0.6042490372272148
779,50,50,58,56,0,0.5,0.604115384615385
780,52,48,58,56,0,0.52,0.6040076824583871
781,52,48,58,56,0,0.52,0.603900255754476
782,52,48,58,56,0,0.52,0.6037931034482762
783,52,48,57,55,0,0.52,0.6036862244897963
784,52,48,57,55,0,0.52,0.6035796178343952
785,52,48,58,55,0,0.52,0.6034732824427483
786,52,48,57,55,0,0.52,0.6033672172808134
787,52,48,57,55,0,0.52,0.6032614213197972
788,52,48,57,55,0,0.52,0.6031558935361219
789,52,48,56,54,0,0.52,0.6030506329113926
790,52,48,57,54,0,0.52,0.6029456384323643
791,52,48,56,53,0,0.52,0.6028409090909093
792,52,48,56,53,0,0.52,0.602736443883985
793,52,48,56,53,0,0.52,0.6026322418136021
794,51,49,56,54,0,0.51,0.6025157232704403
795,51,49,56,54,0,0.51,0.6023994974874373
796,50,50,56,54,0,0.5,0.602271016311167
797,51,49,56,54,0,0.51,0.602155388471178
798,51,49,56,54,0,0.51,0.6020400500625782
799,51,49,56,54,0,0.51,0.601925
800,51,49,56,54,0,0.51,0.6018102372034957
801,51,49,56,54,0,0.51,0.6016957605985037
802,51,49,56,54,0,0.51,0.6015815691158157
803,51,49,57,54,0,0.51,0.6014676616915423
804,50,50,57,54,0,0.5,0.6013416149068322
805,50,50,56,53,0,0.5,0.6012158808933002
806,51,49,56,53,0,0.51,0.6011028500619578
807,50,50,55,52,0,0.5,0.6009777227722772
808,49,51,55,52,0,0.49,0.600840543881335
809,49,51,55,52,0,0.49,0.6007037037037037
810,48,52,55,52,0,0.48,0.6005548705302096
811,48,52,55,52,0,0.48,0.6004064039408867
812,48,52,55,52,0,0.48,0.6002583025830259
813,48,52,54,51,0,0.48,0.6001105651105652
814,48,52,54,51,0,0.48,0.5999631901840492
815,48,52,54,51,0,0.48,0.5998161764705884
816,48,52,55,51,0,0.48,0.599669522643819
817,48,52,55,51,0,0.48,0.5995232273838632
818,48,52,55,51,0,0.48,0.5993772893772896
819,47,53,56,51,0,0.47,0.5992195121951222
820,47,53,55,51,0,0.47,0.5990621193666263
821,47,53,55,51,0,0.47,0.5989051094890514
822,47,53,54,50,0,0.47,0.5987484811664645
823,46,54,53,49,0,0.46,0.5985800970873789
824,46,54,53,49,0,0.46,0.5984121212121215
825,46,54,53,50,0,0.46,0.5982445520581117
826,46,54,53,50,0,0.46,0.5980773881499397
827,47,53,53,50,0,0.47,0.5979227053140099
828,45,55,53,49,0,0.45,0.5977442702050666
829,45,55,53,49,0,0.45,0.5975662650602412
830,45,55,54,49,0,0.45,0.5973886883273167
831,44,56,54,49,0,0.44,0.5971995192307694
832,44,56,54,49,0,0.44,0.5970108043217289
833,43,57,54,48,0,0.43,0.5968105515587532
834,43,57,54,48,0,0.43,0.5966107784431139
835,43,57,54,48,0,0.43,0.5964114832535887
836,43,57,54,48,0,0.43,0.5962126642771807
837,41,59,54,47,0,0.41,0.5959904534606207
838,41,59,55,48,0,0.41,0.5957687723480337
839,41,59,54,47,1,0.41,0.5955476190476193
840,40,60,54,47,0,0.4,0.5953151010701548
841,40,60,54,47,0,0.4,0.5950831353919243
842,40,60,55,47,0,0.4,0.5948517200474498
843,40,60,55,46,0,0.4,0.5946208530805689
844,39,61,55,45,0,0.39,0.5943786982248522
845,39,61,55,45,1,0.39,0.5941371158392437
846,39,61,54,44,0,0.39,0.593896103896104
847,39,61,54,44,1,0.39,0.5936556603773586
848,37,63,54,43,1,0.37,0.59339222614841
849,36,64,53,42,0,0.36,0.5931176470588237
850,36,64,53,42,0,0.36,0.592843713278496
851,36,64,53,43,0,0.36,0.5925704225352115
852,36,64,53,43,0,0.36,0.5922977725674093
853,36,64,52,42,0,0.36,0.592025761124122
854,35,65,52,43,0,0.35,0.5917426900584798
855,36,64,51,42,0,0.36,0.5914719626168227
856,36,64,51,42,0,0.36,0.59120186697783
857,36,64,51,42,0,0.36,0.5909324009324013
858,35,65,51,42,0,0.35,0.5906519208381843
859,35,65,51,42,0,0.35,0.5903720930232562
860,35,65,50,41,0,0.35,0.5900929152148668
861,35,65,51,41,0,0.35,0.5898143851508125
862,35,65,51,41,0,0.35,0.5895365005793747
863,35,65,50,41,0,0.35,0.5892592592592597
864,35,65,50,41,0,0.35,0.588982658959538
865,36,64,50,41,0,0.36,0.5887182448036956
866,35,65,50,41,0,0.35,0.588442906574395
867,32,68,49,40,0,0.32,0.5881336405529959
868,32,68,49,41,0,0.32,0.5878250863060995
869,31,69,48,40,0,0.31,0.5875057471264373
870,31,69,48,40,0,0.31,0.5871871412169924
871,32,68,48,39,0,0.32,0.5868807339449547
872,32,68,48,40,0,0.32,0.5865750286368848
873,31,69,48,40,0,0.31,0.5862585812356984
874,32,68,48,41,0,0.32,0.5859542857142863
875,32,68,48,41,0,0.32,0.5856506849315075
876,33,67,48,41,0,0.33,0.585359179019385
877,33,67,49,42,0,0.33,0.5850683371298413
878,31,69,49,41,1,0.31,0.5847554038680325
879,31,69,49,41,1,0.31,0.5844431818181824
880,31,69,50,42,1,0.31,0.5841316685584568
881,31,69,50,42,2,0.31,0.583820861678005
882,31,69,49,42,0,0.31,0.5835107587768973
883,32,68,49,42,1,0.32,0.5832126696832584
884,34,66,48,41,0,0.34,0.5829378531073451
885,34,66,49,42,0,0.34,0.5826636568848764
886,34,66,48,41,0,0.34,0.5823900789177007
887,35,65,48,41,0,0.35,0.5821283783783789
888,35,65,47,40,0,0.35,0.5818672665916766
889,35,65,47,40,0,0.35,0.5816067415730344
890,36,64,48,40,0,0.36,0.5813580246913587
891,37,63,48,40,0,0.37,0.5811210762331845
892,36,64,47,39,0,0.36,0.5808734602463612
893,36,64,47,39,0,0.36,0.5806263982102915
894,36,64,46,38,0,0.36,0.5803798882681571
895,36,64,46,38,0,0.36,0.5801339285714293
896,36,64,45,38,0,0.36,0.5798885172798224
897,36,64,45,38,0,0.36,0.579643652561248
898,36,64,45,38,0,0.36,0.5793993325917693
899,36,64,45,38,0,0.36,0.5791555555555563
900,36,64,44,38,0,0.36,0.5789123196448398
901,35,65,44,38,0,0.35,0.5786585365853667
902,35,65,44,38,0,0.35,0.5784053156146187
903,35,65,44,38,0,0.35,0.5781526548672575
904,35,65,44,38,0,0.35,0.5779005524861888
905,36,64,44,38,0,0.36,0.5776600441501113
906,36,64,44,39,0,0.36,0.5774200661521508
907,36,64,44,39,0,0.36,0.577180616740089
908,36,64,44,39,0,0.36,0.5769416941694179
909,36,64,44,39,0,0.36,0.5767032967032977
910,36,64,44,39,0,0.36,0.5764654226125147
911,36,64,44,39,0,0.36,0.5762280701754395
912,37,63,44,40,0,0.37,0.5760021905805048
913,37,63,44,40,1,0.37,0.5757768052516421
914,37,63,44,40,1,0.37,0.575551912568307
915,37,63,43,40,0,0.37,0.5753275109170316
916,37,63,43,40,1,0.37,0.5751035986913859
917,37,63,43,40,0,0.37,0.57488017429194
918,38,62,43,41,0,0.38,0.5746681175190435
919,38,62,43,41,1,0.38,0.5744565217391314
920,36,64,43,41,0,0.36,0.5742236699239966
921,36,64,43,42,0,0.36,0.5739913232104131
922,36,64,43,42,0,0.36,0.5737594799566641
923,36,64,43,42,0,0.36,0.5735281385281396
924,36,64,43,42,0,0.36,0.5732972972972984
925,39,61,43,43,0,0.39,0.5730993520518369
926,39,61,43,43,0,0.39,0.5729018338727087
927,39,61,43,43,0,0.39,0.5727047413793114
928,39,61,43,43,0,0.39,0.572508073196987
929,39,61,43,43,0,0.39,0.5723118279569902
930,39,61,43,43,0,0.39,0.5721160042964564
931,39,61,43,43,0,0.39,0.57192060085837
932,41,59,42,42,0,0.41,0.5717470525187576
933,41,59,42,42,0,0.41,0.5715738758029988
934,41,59,42,42,0,0.41,0.5714010695187174
935,41,59,42,42,0,0.41,0.5712286324786333
936,41,59,42,42,0,0.41,0.5710565635005344
937,41,59,42,42,0,0.41,0.5708848614072503
938,41,59,41,41,0,0.41,0.5707135250266248
939,40,60,41,41,0,0.4,0.5705319148936177
940,40,60,41,41,0,0.4,0.5703506907545172
941,40,60,41,41,0,0.4,0.5701698513800431
942,40,60,41,41,0,0.4,0.5699893955461299
943,40,60,41,41,0,0.4,0.5698093220338989
944,40,60,41,41,0,0.4,0.5696296296296302
945,40,60,41,41,0,0.4,0.5694503171247363
946,40,60,41,41,0,0.4,0.5692713833157343
947,40,60,41,41,0,0.4,0.5690928270042199
948,40,60,41,41,0,0.4,0.5689146469968392
949,40,60,41,41,0,0.4,0.5687368421052635
950,40,60,41,41,0,0.4,0.5685594111461624
951,40,60,41,41,0,0.4,0.5683823529411769
952,40,60,41,41,0,0.4,0.5682056663168944
953,40,60,41,41,0,0.4,0.5680293501048221
954,40,60,40,40,0,0.4,0.5678534031413616
955,40,60,40,40,0,0.4,0.5676778242677827
956,40,60,40,40,0,0.4,0.5675026123301988
957,40,60,40,40,0,0.4,0.567327766179541
958,40,60,40,40,0,0.4,0.567153284671533
959,40,60,40,40,0,0.4,0.5669791666666668
960,40,60,40,40,0,0.4,0.5668054110301771
961,39,61,40,40,0,0.39,0.5666216216216218
962,39,61,40,40,0,0.39,0.5664382139148496
963,39,61,40,40,0,0.39,0.5662551867219918
964,39,61,40,40,0,0.39,0.5660725388601038
965,39,61,40,40,0,0.39,0.5658902691511388
966,38,62,40,40,0,0.38,0.5656980351602896
967,38,62,40,40,0,0.38,0.5655061983471075
968,38,62,40,40,0,0.38,0.5653147574819403
969,38,62,40,40,0,0.38,0.5651237113402062
970,38,62,40,40,0,0.38,0.5649330587023688
971,38,62,40,40,0,0.38,0.5647427983539095
972,38,62,40,40,0,0.38,0.5645529290853033
973,38,62,40,40,0,0.38,0.5643634496919918
974,38,62,40,40,0,0.38,0.5641743589743591
975,38,62,40,40,0,0.38,0.563985655737705
976,38,62,40,40,0,0.38,0.5637973387922212
977,38,62,39,39,0,0.38,0.5636094069529652
978,38,62,38,38,0,0.38,0.5634218590398365
979,38,62,38,38,0,0.38,0.5632346938775511
980,38,62,38,38,0,0.38,0.5630479102956167
981,38,62,38,38,0,0.38,0.5628615071283096
982,37,63,38,38,0,0.37,0.5626653102746694
983,37,63,38,38,0,0.37,0.562469512195122
984,37,63,38,38,0,0.37,0.562274111675127
985,37,63,38,38,0,0.37,0.5620791075050711
986,37,63,38,38,0,0.37,0.5618844984802432
987,37,63,38,38,0,0.37,0.5616902834008097
988,37,63,38,38,0,0.37,0.5614964610717897
989,37,63,38,38,0,0.37,0.5613030303030303
990,37,63,38,38,0,0.37,0.5611099899091827
991,37,63,38,38,0,0.37,0.5609173387096775
992,37,63,38,38,0,0.37,0.560725075528701
993,37,63,38,38,0,0.37,0.5605331991951711
994,37,63,38,38,0,0.37,0.5603417085427136
995,36,64,38,38,0,0.36,0.5601405622489961
996,36,64,38,38,0,0.36,0.5599398194583752
997,36,64,38,38,0,0.36,0.559739478957916
998,36,64,37,37,0,0.36,0.5595395395395397
999,36,64,37,37,0,0.36,0.5593400000000002
